story_id,source_set,batch,transformation,source_story,rewritten_story,Is_valid,rationale,started_at,finished_at,duration_seconds,input_tokens,output_tokens,total_tokens,estimated_cost_usd,validation_errors
3,all_none,duplicate_paraphrase_all_none,PARAPHRASE_TRANSFORMATION,"As a Visitor, I want to sign up via github or google, so that that I don't have to enter lots of information and remember my password for yet another website.","As a Visitor, I want to register using github or google, so that I can avoid filling in a lot of details and having to remember another website password.",ok,"The rewritten story keeps the same role, sign-up options, and benefit while expressing the requirement in different wording.",2026-05-06T20:07:47.786049+00:00,2026-05-06T20:07:52.619210+00:00,4.834,913,193,1106,0.010355,[]
3,all_none,conflict_policy_all_none,POLICY_TRANSFORMATION,"As a Visitor, I want to sign up via github or google, so that that I don't have to enter lots of information and remember my password for yet another website.","As a security administrator, I want visitors to be prevented from signing up with GitHub or Google and required to create accounts using our verified email registration process, so that account access follows our approved identity policy.",ok,"The generated story keeps the same sign-up and identity-provider topic but changes the access policy to disallow GitHub or Google sign-up, which is materially incompatible with the source story allowing visitors to use those providers.",2026-05-06T20:07:52.622210+00:00,2026-05-06T20:07:59.917263+00:00,7.295,903,339,1242,0.014685,[]
3,all_none,conflict_state_all_none,STATE_OR_CONDITION_TRANSFORMATION,"As a Visitor, I want to sign up via github or google, so that that I don't have to enter lots of information and remember my password for yet another website.","As a Visitor, I want to sign up without using GitHub or Google, so that I can create an account even when I do not want to use a social login provider.",ok,"The generated story keeps the same visitor sign-up feature area but changes the central sign-up condition from using GitHub or Google to not using those providers, making the two stories materially incompatible as stated.",2026-05-08T13:52:27.595661+00:00,2026-05-08T13:52:46.039076+00:00,18.443,1086,663,1749,0.02532,[]
3,all_none,dependency_prerequisite_all_none,PREREQUISITE_TRANSFORMATION,"As a Visitor, I want to sign up via github or google, so that that I don't have to enter lots of information and remember my password for yet another website.","As an administrator, I want to configure GitHub and Google as approved sign-up providers so that visitors can use those accounts to register for the website.",ok,The generated story establishes the required provider configuration that must exist before visitors can sign up using GitHub or Google.,2026-05-06T20:08:59.848020+00:00,2026-05-06T20:09:04.687912+00:00,4.84,951,248,1199,0.012195,[]
4,all_none,duplicate_paraphrase_all_none,PARAPHRASE_TRANSFORMATION,"As a Publisher, I want to know what do next after signing up, so that that I can get going quickly.","As a Publisher, I want clear guidance on the next steps after I sign up, so that I can get started quickly.",ok,"The rewritten story keeps the same role, post-signup guidance need, and benefit of getting started quickly while using different wording.",2026-05-06T20:09:04.696289+00:00,2026-05-06T20:09:08.520148+00:00,3.824,903,192,1095,0.010275,[]
4,all_none,conflict_policy_all_none,POLICY_TRANSFORMATION,"As a Publisher, I want to know what do next after signing up, so that that I can get going quickly.","As a Publisher, I want the next-step onboarding guidance to be accessible only after my publisher account has been approved, so that unapproved signups cannot begin setup prematurely.",ok,"The generated story keeps the post-signup publisher onboarding topic but changes the governing access rule by requiring account approval before next-step guidance is available, which is materially incompatible with immediate guidance after signing up.",2026-05-06T20:09:08.525699+00:00,2026-05-06T20:09:14.754169+00:00,6.228,893,285,1178,0.013015,[]
4,all_none,conflict_state_all_none,STATE_OR_CONDITION_TRANSFORMATION,"As a Publisher, I want to know what do next after signing up, so that that I can get going quickly.","As a Publisher, I want to know what to do next before signing up, so that I can understand how to get started quickly.",ok,"The generated story keeps the onboarding guidance goal for Publishers but changes the central condition from after signing up to before signing up, making the applicable account state mutually incompatible while staying in the same backlog area.",2026-05-08T13:52:46.041074+00:00,2026-05-08T13:52:56.611823+00:00,10.571,1076,271,1347,0.01351,[]
4,all_none,dependency_prerequisite_all_none,PREREQUISITE_TRANSFORMATION,"As a Publisher, I want to know what do next after signing up, so that that I can get going quickly.","As a Publisher, I want to verify my email and activate my publisher account so that I can access the onboarding guidance for my next steps.",ok,The generated story establishes account activation as a necessary prior condition for accessing the post-sign-up next-step guidance described in the source story.,2026-05-06T20:09:20.837110+00:00,2026-05-06T20:09:27.463131+00:00,6.626,941,293,1234,0.013495,[]
5,all_none,duplicate_paraphrase_all_none,PARAPHRASE_TRANSFORMATION,"As an Admin, I want to invite someone to join the platform, so that that they can start contributing or using data.","As an Admin, I want to send an invitation for someone to join the platform, so they can begin contributing or working with data.",ok,"The rewritten story keeps the same Admin role, invitation capability, platform target, and intended benefit while expressing the requirement with different wording.",2026-05-06T20:09:27.469130+00:00,2026-05-06T20:09:32.729388+00:00,5.26,904,148,1052,0.00896,[]
5,all_none,conflict_policy_all_none,POLICY_TRANSFORMATION,"As an Admin, I want to invite someone to join the platform, so that that they can start contributing or using data.","As an Admin, I want invitations to join the platform to be sent only after an Organization Owner approves them, so that access is controlled before new users can contribute or use data.",ok,The generated story keeps the same invitation workflow but changes the governing access rule from Admins being able to invite directly to requiring Organization Owner approval before an invitation can be sent.,2026-05-06T20:09:32.736446+00:00,2026-05-06T20:09:36.942072+00:00,4.206,894,206,1100,0.01065,[]
5,all_none,conflict_state_all_none,STATE_OR_CONDITION_TRANSFORMATION,"As an Admin, I want to invite someone to join the platform, so that that they can start contributing or using data.","As an Admin, I want to invite someone to join the platform only when their account is inactive, so that they can start contributing or using data after reactivation.",ok,"The generated story keeps the same invitation capability but changes the account state under which inviting is allowed, from a general case to the inactive-account case, creating a materially different applicability condition.",2026-05-08T13:52:56.614829+00:00,2026-05-08T13:53:14.657140+00:00,18.042,1077,587,1664,0.022995,[]
5,all_none,dependency_prerequisite_all_none,PREREQUISITE_TRANSFORMATION,"As an Admin, I want to invite someone to join the platform, so that that they can start contributing or using data.","As an Admin, I want to configure the available user roles and data access groups so that new invitees can be assigned the right permissions when they join the platform.",ok,The generated story establishes the roles and access options needed before an admin can invite someone who will contribute or use data on the platform.,2026-05-06T20:09:53.128460+00:00,2026-05-06T20:09:58.289837+00:00,5.161,942,260,1202,0.01251,[]
25,all_none,duplicate_paraphrase_all_none,PARAPHRASE_TRANSFORMATION,"As a Consumer, I want to see how much the data has been downloaded, so that that I can choose most popular in the case when there are several alternatives for my use case.","As a Consumer, I want to view how often the data has been downloaded, so that I can select the most popular option when multiple alternatives fit my use case.",ok,"The rewritten story keeps the same role, need to see download popularity, and benefit of choosing the most popular alternative, while expressing it in clearer different wording.",2026-05-06T20:09:58.299170+00:00,2026-05-06T20:10:02.543848+00:00,4.244,916,175,1091,0.00983,[]
25,all_none,conflict_policy_all_none,POLICY_TRANSFORMATION,"As a Consumer, I want to see how much the data has been downloaded, so that that I can choose most popular in the case when there are several alternatives for my use case.","As a marketplace administrator, I want dataset download counts to be visible only to data owners and admins, so that consumers cannot rank alternatives based on popularity alone.",ok,The generated story keeps the same dataset download-count feature area but introduces an incompatible access-control rule that prevents consumers from seeing the metric requested in the source story.,2026-05-06T20:10:02.548299+00:00,2026-05-06T20:10:09.273765+00:00,6.725,906,290,1196,0.01323,[]
25,all_none,conflict_state_all_none,STATE_OR_CONDITION_TRANSFORMATION,"As a Consumer, I want to see how much the data has been downloaded, so that that I can choose most popular in the case when there are several alternatives for my use case.","As a Consumer, I want to see how much the data has been downloaded only for hidden datasets, so that I can compare interest before they are made public.",ok,"The generated story keeps the same download-visibility capability but changes the dataset visibility state under which the information is shown, from a general case to the hidden-dataset case, creating a materially different applicability condition.",2026-05-08T13:53:14.659140+00:00,2026-05-08T13:53:29.637388+00:00,14.978,1089,475,1564,0.019695,[]
25,all_none,dependency_prerequisite_all_none,PREREQUISITE_TRANSFORMATION,"As a Consumer, I want to see how much the data has been downloaded, so that that I can choose most popular in the case when there are several alternatives for my use case.","As a Platform Administrator, I want each dataset download to be recorded and linked to the correct dataset, so that reliable download counts are available for consumers.",ok,The generated story establishes the necessary tracking and data availability needed before consumers can view how much each dataset has been downloaded.,2026-05-06T20:10:20.822899+00:00,2026-05-06T20:10:25.541057+00:00,4.718,954,249,1203,0.01224,[]
26,all_none,duplicate_paraphrase_all_none,PARAPHRASE_TRANSFORMATION,"As a Publisher, I want to see real examples of published packages so that I can understand how useful and simple the datapackage format and the registry is.","As a Publisher, I want to view actual examples of published packages so that I can understand how useful and easy to use the datapackage format and the registry are.",ok,"The rewritten story keeps the same role, objective, target examples, and benefit while expressing the requirement in different wording.",2026-05-06T20:10:25.548362+00:00,2026-05-06T20:10:29.377150+00:00,3.829,910,192,1102,0.01031,[]
26,all_none,conflict_policy_all_none,POLICY_TRANSFORMATION,"As a Publisher, I want to see real examples of published packages so that I can understand how useful and simple the datapackage format and the registry is.","As a Registry administrator, I want real examples of published packages to be visible only to approved registry reviewers so that publisher content is not exposed to general Publishers without permission.",ok,The generated story stays in the same area of published package examples but introduces an incompatible access-control rule: Publishers can no longer freely view the examples; only approved registry reviewers may access them.,2026-05-06T20:10:29.382904+00:00,2026-05-06T20:10:35.981673+00:00,6.599,900,317,1217,0.01401,[]
26,all_none,conflict_state_all_none,STATE_OR_CONDITION_TRANSFORMATION,"As a Publisher, I want to see real examples of published packages so that I can understand how useful and simple the datapackage format and the registry is.","As a Publisher, I want to see real examples of draft packages so that I can understand how useful and simple the datapackage format and the registry is before publication.",ok,"The generated story keeps the same publisher role, example-viewing capability, and datapackage registry context, but changes the package state from published to draft, making the condition under which the examples apply materially incompatible.",2026-05-08T13:53:29.641390+00:00,2026-05-08T13:53:36.507299+00:00,6.866,1083,245,1328,0.012765,[]
26,all_none,dependency_prerequisite_all_none,PREREQUISITE_TRANSFORMATION,"As a Publisher, I want to see real examples of published packages so that I can understand how useful and simple the datapackage format and the registry is.","As a registry administrator, I want to seed the registry with approved public datapackage examples so that publishers have real published packages available to browse.",ok,"The generated story establishes the required prior availability of real published package examples in the registry, which is necessary before a publisher can view them as described in the source story.",2026-05-06T20:10:41.338642+00:00,2026-05-06T20:10:47.770359+00:00,6.431,948,365,1313,0.01569,[]
30,all_none,duplicate_paraphrase_all_none,PARAPHRASE_TRANSFORMATION,"As a Consumer, I want to download the data package in one file, so that that I don't have to download descriptor and each resource by hand.","As a Consumer, I want to get the full data package as a single file, so that I do not need to manually download the descriptor and every resource separately.",ok,"The rewritten story keeps the same role, objective, target data package, and benefit while expressing the requirement with different wording.",2026-05-06T20:10:47.775886+00:00,2026-05-06T20:10:51.675943+00:00,3.9,909,179,1088,0.009915,[]
30,all_none,conflict_policy_all_none,POLICY_TRANSFORMATION,"As a Consumer, I want to download the data package in one file, so that that I don't have to download descriptor and each resource by hand.","As a Data Owner, I want the one-file data package download to be available only to approved internal users, so that consumers cannot bypass the required per-resource access controls.",ok,"The generated story keeps the same data package download feature but changes the governing access policy by restricting bundled downloads to approved internal users, which conflicts with allowing consumers to download the full package in one file.",2026-05-06T20:10:51.686165+00:00,2026-05-06T20:10:58.619663+00:00,6.933,899,244,1143,0.011815,[]
30,all_none,conflict_state_all_none,STATE_OR_CONDITION_TRANSFORMATION,"As a Consumer, I want to download the data package in one file, so that that I don't have to download descriptor and each resource by hand.","As a Consumer, I want to download the data package as separate descriptor and resource files, so that I can work with each component individually.",ok,"The generated story keeps the same data package download feature area but changes the package condition from bundled into one file to split into separate descriptor and resource files, making the two stories materially incompatible.",2026-05-08T13:53:36.511395+00:00,2026-05-08T13:53:51.294324+00:00,14.782,1082,509,1591,0.02068,[]
30,all_none,dependency_prerequisite_all_none,PREREQUISITE_TRANSFORMATION,"As a Consumer, I want to download the data package in one file, so that that I don't have to download descriptor and each resource by hand.","As a Data Provider, I want to publish a data package with its descriptor and all associated resources included, so that consumers have a complete package available for single-file download.",ok,"The generated story establishes the necessary prior condition that the complete data package, including descriptor and resources, is published and available before a consumer can download it as one file.",2026-05-06T20:11:11.782876+00:00,2026-05-06T20:11:17.742809+00:00,5.959,947,299,1246,0.013705,[]
31,all_none,duplicate_paraphrase_all_none,PARAPHRASE_TRANSFORMATION,"As a Developer, I want to use data package as a node lib in my project, so that that I can depend on it using my normal dependency framework.","As a Developer, I want to include the data package as a Node library in my project, so that I can manage it with my normal dependency framework.",ok,"The rewritten story keeps the same role, objective, target package, and dependency-management benefit while expressing the requirement in different wording.",2026-05-06T20:11:17.752607+00:00,2026-05-06T20:11:21.785781+00:00,4.033,911,187,1098,0.010165,[]
31,all_none,conflict_policy_all_none,POLICY_TRANSFORMATION,"As a Developer, I want to use data package as a node lib in my project, so that that I can depend on it using my normal dependency framework.","As a platform administrator, I want the data package Node library to be installable only by approved internal projects, so that access to the package is controlled through our dependency registry.",ok,The generated story keeps the same data package and Node dependency context but changes the access policy from any developer using it in their project to only approved internal projects being allowed to install it.,2026-05-06T20:11:21.790809+00:00,2026-05-06T20:11:28.531751+00:00,6.741,901,327,1228,0.014315,[]
31,all_none,conflict_state_all_none,STATE_OR_CONDITION_TRANSFORMATION,"As a Developer, I want to use data package as a node lib in my project, so that that I can depend on it using my normal dependency framework.","As a Developer, I want to use the data package in my project when it is not packaged as a Node lib, so that I can still manage it through my normal dependency workflow.",ok,"The generated story keeps the same developer dependency-management context and target data package, but changes the central package condition from being available as a Node library to not being packaged as a Node library, making the two stories materially incompatible as stated.",2026-05-08T13:53:51.300332+00:00,2026-05-08T13:54:13.498388+00:00,22.199,1084,669,1753,0.02549,[]
31,all_none,dependency_prerequisite_all_none,PREREQUISITE_TRANSFORMATION,"As a Developer, I want to use data package as a node lib in my project, so that that I can depend on it using my normal dependency framework.","As a Developer, I want the data package to be published as a versioned Node package in the project package registry, so that I can install it through my normal dependency framework.",ok,The generated story establishes the required package availability and versioning needed before a developer can use the data package as a Node library dependency.,2026-05-06T20:11:41.335386+00:00,2026-05-06T20:11:46.003287+00:00,4.668,949,217,1166,0.011255,[]
32,all_none,duplicate_paraphrase_all_none,PARAPHRASE_TRANSFORMATION,"As a Consumer, I want to load a Data Package from R, so that that I can immediately start playing with it.","As a Consumer, I want to import a Data Package in R so that I can start exploring it right away.",ok,"The rewritten story keeps the same role, Data Package objective, R context, and immediate-use benefit while expressing the need in different wording.",2026-05-06T20:11:46.006286+00:00,2026-05-06T20:11:50.660264+00:00,4.654,904,227,1131,0.01133,[]
32,all_none,conflict_policy_all_none,POLICY_TRANSFORMATION,"As a Consumer, I want to load a Data Package from R, so that that I can immediately start playing with it.","As a Data Package owner, I want Consumers to be able to load my Data Package from R only after I have granted them access, so that restricted packages cannot be opened without permission.",ok,The generated story keeps the same Data Package loading from R feature area but introduces an incompatible access-control rule requiring owner-granted permission before a Consumer may load the package.,2026-05-06T20:11:50.665454+00:00,2026-05-06T20:11:56.370379+00:00,5.704,894,267,1161,0.01248,[]
32,all_none,conflict_state_all_none,STATE_OR_CONDITION_TRANSFORMATION,"As a Consumer, I want to load a Data Package from R, so that that I can immediately start playing with it.","As a Consumer, I want to load a Data Package outside of R, so that I can immediately start playing with it in a non-R environment.",ok,"The generated story keeps the same goal of loading a Data Package for immediate exploration but changes the runtime condition from using R to operating outside of R, making the two stories incompatible in the environment where the capability applies.",2026-05-08T13:54:13.506377+00:00,2026-05-08T13:54:27.285470+00:00,13.779,1077,430,1507,0.018285,[]
32,all_none,dependency_prerequisite_all_none,PREREQUISITE_TRANSFORMATION,"As a Consumer, I want to load a Data Package from R, so that that I can immediately start playing with it.","As a Consumer, I want to install an R library that supports Data Packages, so that my R environment is ready to open them.",ok,The generated story establishes the required R environment capability needed before a consumer can load a Data Package from R as described in the source story.,2026-05-06T20:12:08.129823+00:00,2026-05-06T20:12:14.757658+00:00,6.627,942,325,1267,0.01446,[]
35,all_none,duplicate_paraphrase_all_none,PARAPHRASE_TRANSFORMATION,"As a Consumer, I want to download a DataPackage's data one coherent SQLite database, so that that I can get it easily in one form.","As a Consumer, I want to download a DataPackage's data as a single coherent SQLite database so that I can access it easily in one format.",ok,"The rewritten story keeps the same role, objective, target data package, SQLite database format, and ease-of-access benefit while rephrasing the requirement.",2026-05-06T20:12:14.762757+00:00,2026-05-06T20:12:18.903038+00:00,4.14,909,204,1113,0.010665,[]
35,all_none,conflict_policy_all_none,POLICY_TRANSFORMATION,"As a Consumer, I want to download a DataPackage's data one coherent SQLite database, so that that I can get it easily in one form.","As a DataPackage owner, I want downloads of a DataPackage as one coherent SQLite database to be restricted to approved users only, so that unauthorized consumers cannot access the full dataset in one file.",ok,"The generated story keeps the same DataPackage SQLite download feature but changes the access-control rule from consumer availability to owner-controlled approved-user access, making it materially incompatible with the source permission expectation.",2026-05-06T20:12:18.908551+00:00,2026-05-06T20:12:28.077281+00:00,9.169,899,222,1121,0.011155,[]
35,all_none,conflict_state_all_none,STATE_OR_CONDITION_TRANSFORMATION,"As a Consumer, I want to download a DataPackage's data one coherent SQLite database, so that that I can get it easily in one form.","As a Consumer, I want to download a DataPackage's data as separate SQLite databases for each resource, so that I can handle each part independently.",ok,"The generated story keeps the same consumer download feature for DataPackage data in SQLite form, but changes the central state of the downloaded artifact from one coherent database to separate databases, making the two requirements incompatible as stated.",2026-05-08T13:54:27.290624+00:00,2026-05-08T13:54:45.554121+00:00,18.264,1082,656,1738,0.02509,[]
35,all_none,dependency_prerequisite_all_none,PREREQUISITE_TRANSFORMATION,"As a Consumer, I want to download a DataPackage's data one coherent SQLite database, so that that I can get it easily in one form.","As a DataPackage maintainer, I want to publish the package with validated data resources and metadata so that it can be prepared as one coherent SQLite database for consumers.",ok,The generated story establishes the necessary prior condition that the DataPackage's resources and metadata are available and valid before a consumer can download them as a coherent SQLite database.,2026-05-06T20:12:41.359552+00:00,2026-05-06T20:12:48.205502+00:00,6.845,947,356,1303,0.015415,[]
36,all_none,duplicate_paraphrase_all_none,PARAPHRASE_TRANSFORMATION,"As a Data Analyst, I want to compare different versions of some datapackage locally, so that that I can see schema changes clearly and adjust my analytics code to the desired schema version.","As a Data Analyst, I want to locally compare different versions of a datapackage so that I can clearly identify schema changes and adapt my analytics code to the schema version I need.",ok,"The rewritten story keeps the same role, local datapackage version comparison objective, and benefit of understanding schema changes to adjust analytics code, while expressing the requirement with different wording.",2026-05-06T20:12:48.212501+00:00,2026-05-06T20:12:53.412609+00:00,5.201,916,216,1132,0.01106,[]
36,all_none,conflict_policy_all_none,POLICY_TRANSFORMATION,"As a Data Analyst, I want to compare different versions of some datapackage locally, so that that I can see schema changes clearly and adjust my analytics code to the desired schema version.","As a Data Steward, I want local comparison of datapackage versions to be available only to the datapackage owner or analysts with explicit steward approval, so that schema changes are not exposed to unauthorized users.",ok,"The generated story stays in the datapackage version comparison area but introduces an incompatible access-control rule requiring ownership or steward approval, rather than allowing a data analyst to compare datapackage versions locally by default.",2026-05-06T20:12:53.422168+00:00,2026-05-06T20:13:00.184262+00:00,6.762,906,360,1266,0.01533,[]
36,all_none,conflict_state_all_none,STATE_OR_CONDITION_TRANSFORMATION,"As a Data Analyst, I want to compare different versions of some datapackage locally, so that that I can see schema changes clearly and adjust my analytics code to the desired schema version.","As a Data Analyst, I want to compare different versions of some datapackage in the remote registry, so that I can see schema changes clearly and adjust my analytics code to the desired schema version.",ok,"The generated story keeps the same datapackage version comparison capability and analytics workflow, but changes the central runtime condition from comparing locally to comparing in a remote registry, making the two stories materially incompatible as stated.",2026-05-08T13:54:45.556633+00:00,2026-05-08T13:54:51.848512+00:00,6.292,1089,258,1347,0.013185,[]
36,all_none,dependency_prerequisite_all_none,PREREQUISITE_TRANSFORMATION,"As a Data Analyst, I want to compare different versions of some datapackage locally, so that that I can see schema changes clearly and adjust my analytics code to the desired schema version.","As a Data Analyst, I want to download and keep selected versions of a datapackage with their version metadata locally, so that the versions are available for schema review and analysis work.",ok,The generated story establishes the necessary local availability of the datapackage versions and their metadata before the analyst can compare those versions locally.,2026-05-06T20:13:07.126680+00:00,2026-05-06T20:13:11.656031+00:00,4.53,954,205,1159,0.01092,[]
37,all_none,duplicate_paraphrase_all_none,PARAPHRASE_TRANSFORMATION,"As a Web Developer, I want to be able to install multiple versions of the same datapackage separately, so that that all my projects could be developed independently and deployed locally.","As a Web Developer, I want to install different versions of the same datapackage side by side, so that each of my projects can be developed independently and deployed locally.",ok,"The rewritten story keeps the same role, objective, target datapackage versioning need, and benefit while expressing the requirement in different wording.",2026-05-06T20:13:11.662542+00:00,2026-05-06T20:13:16.394837+00:00,4.733,914,163,1077,0.00946,[]
37,all_none,conflict_policy_all_none,POLICY_TRANSFORMATION,"As a Web Developer, I want to be able to install multiple versions of the same datapackage separately, so that that all my projects could be developed independently and deployed locally.","As a Web Developer, I want each datapackage to be installable only in the single version approved for the local workspace, so that projects cannot use separate unapproved versions of the same datapackage.",ok,The generated story stays in the datapackage installation and versioning area but introduces an incompatible access-control rule: multiple separate versions are not allowed unless they are the single approved workspace version.,2026-05-06T20:13:16.768390+00:00,2026-05-06T20:13:25.172309+00:00,8.404,904,386,1290,0.0161,[]
37,all_none,conflict_state_all_none,STATE_OR_CONDITION_TRANSFORMATION,"As a Web Developer, I want to be able to install multiple versions of the same datapackage separately, so that that all my projects could be developed independently and deployed locally.","As a Web Developer, I want to be able to install multiple versions of the same datapackage separately for projects deployed remotely, so that all my projects can be developed independently for hosted environments.",ok,"The generated story keeps the same capability of separately installing multiple versions of the same datapackage, but changes the central deployment condition from local deployment to remote deployment, making the two stories materially incompatible in the runtime environment they target.",2026-05-08T13:54:51.856513+00:00,2026-05-08T13:55:10.559807+00:00,18.703,1087,671,1758,0.025565,[]
37,all_none,dependency_prerequisite_all_none,PREREQUISITE_TRANSFORMATION,"As a Web Developer, I want to be able to install multiple versions of the same datapackage separately, so that that all my projects could be developed independently and deployed locally.","As a Web Developer, I want each project to declare its required datapackage name and version in a local dependency file, so that the package installer can resolve the correct datapackage for that project.",ok,The generated story establishes the project-level version information needed before the system can install separate versions of the same datapackage for independent local projects.,2026-05-06T20:13:39.886036+00:00,2026-05-06T20:13:46.389870+00:00,6.504,952,333,1285,0.01475,[]
38,all_none,duplicate_paraphrase_all_none,PARAPHRASE_TRANSFORMATION,"As a Developer, I want to list all DataPackages requirements for my project in the file and pin the exact versions of any DataPackage that my project depends on, so that that the project can be deterministically deployed locally and won't break because of the DataPackage schema changes.","As a Developer, I want to specify every DataPackages requirement for my project in the file and lock each dependent DataPackage to an exact version, so that the project can be deployed locally in a deterministic way and is not broken by DataPackage schema changes.",ok,"The rewritten story keeps the same role, requirement to record all DataPackages requirements and exact dependency versions, and the same benefit of deterministic local deployment without breakage from schema changes, while using different wording.",2026-05-06T20:13:46.393229+00:00,2026-05-06T20:13:50.323898+00:00,3.931,934,211,1145,0.011,[]
38,all_none,conflict_policy_all_none,POLICY_TRANSFORMATION,"As a Developer, I want to list all DataPackages requirements for my project in the file and pin the exact versions of any DataPackage that my project depends on, so that that the project can be deterministically deployed locally and won't break because of the DataPackage schema changes.","As a Developer, I want the DataPackages requirements file for my project to be editable only by project maintainers after review, so that dependency versions cannot be pinned or changed without ownership approval.",ok,"The generated story keeps the same DataPackages requirements and version-pinning feature area, but introduces an incompatible ownership and approval rule that prevents developers from directly listing or changing pinned dependencies.",2026-05-06T20:13:50.329593+00:00,2026-05-06T20:13:56.460181+00:00,6.13,924,287,1211,0.01323,[]
38,all_none,conflict_state_all_none,STATE_OR_CONDITION_TRANSFORMATION,"As a Developer, I want to list all DataPackages requirements for my project in the file and pin the exact versions of any DataPackage that my project depends on, so that that the project can be deterministically deployed locally and won't break because of the DataPackage schema changes.","As a Developer, I want to list all DataPackages requirements for my project in the file and pin the exact versions only when the dependency set is locked, so that the project can be deterministically deployed locally and won't break because of schema changes.",ok,"The generated story keeps the same dependency-management capability but changes the dependency-state condition under which version pinning applies, from a general case to the locked-dependency case, creating a materially different applicability condition.",2026-05-08T13:55:10.563153+00:00,2026-05-08T13:55:23.857247+00:00,13.294,1107,398,1505,0.017475,[]
38,all_none,dependency_prerequisite_all_none,PREREQUISITE_TRANSFORMATION,"As a Developer, I want to list all DataPackages requirements for my project in the file and pin the exact versions of any DataPackage that my project depends on, so that that the project can be deterministically deployed locally and won't break because of the DataPackage schema changes.","As a Developer, I want to view the available DataPackages with their published version history and schema details, so that I can identify the exact DataPackage versions my project depends on.",ok,The generated story establishes the necessary availability of DataPackage version and schema information before a developer can accurately list and pin exact DataPackage requirements for deterministic deployment.,2026-05-06T20:14:03.897210+00:00,2026-05-06T20:14:09.879594+00:00,5.983,972,284,1256,0.01338,[]
43,all_none,duplicate_paraphrase_all_none,PARAPHRASE_TRANSFORMATION,"As a Publisher, I want to be able to get access to a previous version I tagged, so that that I can return to it and review it.","As a Publisher, I want to access an earlier version that I tagged so that I can go back to it and review it.",ok,"The rewritten story preserves the same role, objective, target version, and review benefit while expressing the requirement with different wording.",2026-05-06T20:14:09.890959+00:00,2026-05-06T20:14:13.886420+00:00,3.996,910,178,1088,0.00989,[]
43,all_none,conflict_policy_all_none,POLICY_TRANSFORMATION,"As a Publisher, I want to be able to get access to a previous version I tagged, so that that I can return to it and review it.","As a Managing Editor, I want publishers to be unable to access previous versions they tagged unless a managing editor approves the request, so that archived content remains controlled.",ok,The generated story keeps the same version-access feature area but changes the governing access rule by requiring managing-editor approval before a publisher can access a tagged previous version.,2026-05-06T20:14:13.891761+00:00,2026-05-06T20:14:21.521081+00:00,7.629,900,368,1268,0.01554,[]
43,all_none,conflict_state_all_none,STATE_OR_CONDITION_TRANSFORMATION,"As a Publisher, I want to be able to get access to a previous version I tagged, so that that I can return to it and review it.","As a Publisher, I want to be able to get access to a previous version that is untagged, so that that I can return to it and review it.",ok,"The generated story keeps the same role, capability, target artifact, and review goal, but changes the central version condition from tagged to untagged, making the two stories materially incompatible as stated.",2026-05-08T13:55:23.866988+00:00,2026-05-08T13:55:31.024383+00:00,7.158,1083,289,1372,0.014085,[]
43,all_none,dependency_prerequisite_all_none,PREREQUISITE_TRANSFORMATION,"As a Publisher, I want to be able to get access to a previous version I tagged, so that that I can return to it and review it.","As a Publisher, I want to tag a saved version of my content, so that it can be identified later when I need to return to it for review.",ok,A publisher must first be able to tag a saved version before they can later access a previous version they tagged.,2026-05-06T20:14:26.166489+00:00,2026-05-06T20:14:32.042032+00:00,5.875,948,214,1162,0.01116,[]
45,all_none,duplicate_paraphrase_all_none,PARAPHRASE_TRANSFORMATION,"As a Consumer, I want to get a sense of the age of the datapackage that I have downloaded before, so that that I can decide if I should update or not.","As a Consumer, I want to see how old a datapackage I previously downloaded is, so that I can determine whether I should update it.",ok,"The rewritten story keeps the same role, objective, target datapackage, and update-decision benefit while expressing the requirement in different wording.",2026-05-06T20:14:32.048033+00:00,2026-05-06T20:14:35.917872+00:00,3.87,915,196,1111,0.010455,[]
45,all_none,conflict_policy_all_none,POLICY_TRANSFORMATION,"As a Consumer, I want to get a sense of the age of the datapackage that I have downloaded before, so that that I can decide if I should update or not.","As a data owner, I want the age of a previously downloaded datapackage to be visible only to package owners and curators, so that consumers cannot access version-age information unless it is explicitly shared.",ok,The generated story keeps the same datapackage age and update-decision context but changes the access-control rule so consumers are not allowed to view the age information directly.,2026-05-06T20:14:35.924005+00:00,2026-05-06T20:14:43.949686+00:00,8.027,905,389,1294,0.016195,[]
45,all_none,conflict_state_all_none,STATE_OR_CONDITION_TRANSFORMATION,"As a Consumer, I want to get a sense of the age of the datapackage that I have downloaded before, so that that I can decide if I should update or not.","As a Consumer, I want to get a sense of the age of a datapackage that I have not downloaded before, so that I can decide whether it is current enough to use.",ok,"The generated story keeps the same datapackage age-awareness capability but changes the central condition from a datapackage the Consumer has downloaded before to one they have not downloaded before, making the two stories incompatible while staying in the same backlog area.",2026-05-08T13:55:31.028842+00:00,2026-05-08T13:55:44.018901+00:00,12.991,1088,441,1529,0.01867,[]
45,all_none,dependency_prerequisite_all_none,PREREQUISITE_TRANSFORMATION,"As a Consumer, I want to get a sense of the age of the datapackage that I have downloaded before, so that that I can decide if I should update or not.","As a Consumer, I want the system to retain the download date and version information for datapackages I have downloaded, so that their age can be determined later.",ok,The generated story establishes the necessary prior data about a previously downloaded datapackage that must exist before the consumer can assess its age and decide whether to update.,2026-05-06T20:14:50.944203+00:00,2026-05-06T20:14:57.631642+00:00,6.687,953,309,1262,0.014035,[]
49,all_none,duplicate_paraphrase_all_none,PARAPHRASE_TRANSFORMATION,"As a Consumer, I want to see how active the site is, so that I can decide if I should get involved.","As a Consumer, I want to view the site's level of activity, so that I can determine whether to participate.",ok,"The rewritten story keeps the same role, objective, target, and benefit while expressing the requirement in different wording.",2026-05-06T20:14:57.636644+00:00,2026-05-06T20:15:01.294789+00:00,3.658,904,150,1054,0.00902,[]
49,all_none,conflict_policy_all_none,POLICY_TRANSFORMATION,"As a Consumer, I want to see how active the site is, so that I can decide if I should get involved.","As a site administrator, I want site activity metrics to be visible only to staff, so that internal engagement data is not exposed to consumers deciding whether to join.",ok,The generated story keeps the same site activity visibility topic but introduces an incompatible access-control rule that prevents consumers from seeing the activity information described in the source story.,2026-05-06T20:15:01.303617+00:00,2026-05-06T20:15:08.633148+00:00,7.33,894,367,1261,0.01548,[]
49,all_none,conflict_state_all_none,STATE_OR_CONDITION_TRANSFORMATION,"As a Consumer, I want to see how active the site is, so that I can decide if I should get involved.","As a Consumer, I want to see how inactive the site is, so that I can decide if I should get involved.",ok,"The generated story keeps the same consumer decision-making goal and site activity context, but changes the central condition being assessed from site activity to site inactivity, making the stated focus materially incompatible.",2026-05-08T13:55:44.024904+00:00,2026-05-08T13:55:52.984878+00:00,8.961,1077,316,1393,0.014865,[]
49,all_none,dependency_prerequisite_all_none,PREREQUISITE_TRANSFORMATION,"As a Consumer, I want to see how active the site is, so that I can decide if I should get involved.","As a site administrator, I want the system to collect recent participation data such as posts, comments, and member activity so that site activity can be shown to consumers.",ok,The generated story establishes the necessary activity data that must exist before consumers can view how active the site is.,2026-05-06T20:15:18.378969+00:00,2026-05-06T20:15:23.428605+00:00,5.049,942,235,1177,0.01176,[]
54,all_none,duplicate_paraphrase_all_none,PARAPHRASE_TRANSFORMATION,"As an Owner, I want to edit my profile, so that that it is updated with new information.","As an Owner, I want to update my profile so that it reflects my new information.",ok,"The rewritten story keeps the same role, objective, and benefit while expressing the requirement in different wording.",2026-05-06T20:15:23.436295+00:00,2026-05-06T20:15:27.213536+00:00,3.777,900,155,1055,0.00915,[]
54,all_none,conflict_policy_all_none,POLICY_TRANSFORMATION,"As an Owner, I want to edit my profile, so that that it is updated with new information.","As an Owner, I want my profile details to be editable only by an account administrator, so that changes to owner information are controlled.",ok,"The generated story keeps the profile-update feature area but changes the permission rule so the Owner cannot edit their own profile directly, making it materially incompatible with the source story.",2026-05-06T20:15:27.218832+00:00,2026-05-06T20:15:32.889193+00:00,5.67,890,284,1174,0.01297,[]
54,all_none,conflict_state_all_none,STATE_OR_CONDITION_TRANSFORMATION,"As an Owner, I want to edit my profile, so that that it is updated with new information.","As an Owner, I want to edit my profile only while it is private, so that I can update it before making it visible to others.",ok,"The generated story keeps the same profile-editing capability but changes the profile visibility state under which editing applies, from a general case to the private-profile case, creating a materially different applicability condition.",2026-05-08T13:55:52.991268+00:00,2026-05-08T13:56:10.033916+00:00,17.042,1073,602,1675,0.023425,[]
54,all_none,dependency_prerequisite_all_none,PREREQUISITE_TRANSFORMATION,"As an Owner, I want to edit my profile, so that that it is updated with new information.","As an Owner, I want to create my profile with my basic information, so that there is an existing profile available for me to update later.",ok,The generated story establishes the necessary prior condition that an Owner must have an existing profile before they can edit it with new information.,2026-05-06T20:15:44.496225+00:00,2026-05-06T20:15:49.298330+00:00,4.802,938,216,1154,0.01117,[]
56,all_none,duplicate_paraphrase_all_none,PARAPHRASE_TRANSFORMATION,"As an owner, I want to invite someone using their email to sign up and become a member of my Publisher, so that that they are authorized to publish data packages under my Publisher.","As an owner, I want to send an email invitation for someone to register and join my Publisher as a member, so that they have permission to publish data packages under my Publisher.",ok,"The rewritten story preserves the same role, invitation-by-email workflow, membership objective, and publishing authorization benefit while expressing the requirement in different wording.",2026-05-06T20:15:49.303331+00:00,2026-05-06T20:15:52.852674+00:00,3.549,916,180,1096,0.00998,[]
56,all_none,conflict_policy_all_none,POLICY_TRANSFORMATION,"As an owner, I want to invite someone using their email to sign up and become a member of my Publisher, so that that they are authorized to publish data packages under my Publisher.","As an owner, I want email invitations to require approval from a Publisher administrator before the invited person becomes a member authorized to publish data packages under my Publisher.",ok,The generated story keeps the same invitation and Publisher membership workflow but changes the governing approval rule so an owner invitation alone is not sufficient to grant publishing authorization.,2026-05-06T20:15:52.859566+00:00,2026-05-06T20:16:00.146434+00:00,7.287,906,268,1174,0.01257,[]
56,all_none,conflict_state_all_none,STATE_OR_CONDITION_TRANSFORMATION,"As an owner, I want to invite someone using their email to sign up and become a member of my Publisher, so that that they are authorized to publish data packages under my Publisher.","As an owner, I want to invite someone who already has an active account using their email to become a member of my Publisher, so that they are authorized to publish data packages under my Publisher.",ok,"The generated story keeps the same Publisher membership invitation capability but changes the recipient condition from needing to sign up to already having an active account, making the two stories materially incompatible in when the invitation flow applies.",2026-05-08T13:56:10.041918+00:00,2026-05-08T13:56:25.382209+00:00,15.34,1089,576,1665,0.022725,[]
56,all_none,dependency_prerequisite_all_none,PREREQUISITE_TRANSFORMATION,"As an owner, I want to invite someone using their email to sign up and become a member of my Publisher, so that that they are authorized to publish data packages under my Publisher.","As an owner, I want to register my Publisher and be recognized as its owner, so that I can manage membership for that Publisher.",ok,The generated story establishes the necessary prior state that a Publisher exists and the user has owner rights before they can invite someone to become a member and publish under it.,2026-05-06T20:16:06.305436+00:00,2026-05-06T20:16:12.667668+00:00,6.362,954,345,1299,0.01512,[]
61,all_none,duplicate_paraphrase_all_none,PARAPHRASE_TRANSFORMATION,"As an Admin, I want to set key configuration parameters for my site deployment, so that that I can change key information like the site title.","As an Admin, I want to configure important settings for my site deployment, so that I can update key details such as the site title.",ok,"The rewritten story keeps the same Admin role, site deployment configuration objective, and benefit of changing key information like the site title while using different wording.",2026-05-06T20:16:12.674046+00:00,2026-05-06T20:16:16.774488+00:00,4.101,908,179,1087,0.00991,[]
61,all_none,conflict_policy_all_none,POLICY_TRANSFORMATION,"As an Admin, I want to set key configuration parameters for my site deployment, so that that I can change key information like the site title.","As an Admin, I want key configuration parameters for my site deployment, such as the site title, to be editable only by deployment owners so that administrative users cannot make unauthorized site-level changes.",ok,The generated story keeps the same configuration area but changes the governing access rule by preventing Admins from editing key deployment parameters and reserving that permission for deployment owners.,2026-05-06T20:16:16.785274+00:00,2026-05-06T20:16:26.087461+00:00,9.302,898,503,1401,0.01958,[]
61,all_none,conflict_state_all_none,STATE_OR_CONDITION_TRANSFORMATION,"As an Admin, I want to set key configuration parameters for my site deployment, so that that I can change key information like the site title.","As an Admin, I want to set key configuration parameters for my site deployment only while the site is offline, so that I can change key information before it is visible to visitors.",ok,"The generated story keeps the same configuration capability but changes the site runtime state under which configuration changes apply, from a general case to the offline-site case, creating a materially different applicability condition.",2026-05-08T13:56:25.388219+00:00,2026-05-08T13:56:39.373684+00:00,13.986,1081,474,1555,0.019625,[]
61,all_none,dependency_prerequisite_all_none,PREREQUISITE_TRANSFORMATION,"As an Admin, I want to set key configuration parameters for my site deployment, so that that I can change key information like the site title.","As an Admin, I want to create a site deployment with an initial configuration profile, so that key settings are available for me to manage later.",ok,The generated story establishes the required prior system state—a site deployment with configurable settings—needed before an Admin can change key configuration parameters such as the site title.,2026-05-06T20:16:37.584193+00:00,2026-05-06T20:16:45.869522+00:00,8.285,946,306,1252,0.01391,[]
62,all_none,duplicate_paraphrase_all_none,PARAPHRASE_TRANSFORMATION,"As an Admin, I want to see key metrics about usage such as users, API usage, downloads, so that that I know how things are going.","As an Admin, I want to view important usage metrics, such as users, API usage, and downloads, so that I can understand how things are going.",ok,"The rewritten story keeps the same role, usage metrics, examples, and intended benefit while expressing the requirement with different wording.",2026-05-06T20:16:45.874594+00:00,2026-05-06T20:16:49.924476+00:00,4.05,910,225,1135,0.0113,[]
62,all_none,conflict_policy_all_none,POLICY_TRANSFORMATION,"As an Admin, I want to see key metrics about usage such as users, API usage, downloads, so that that I know how things are going.","As an Admin, I want key usage metrics such as users, API usage, and downloads to be viewable only by organization owners, so that sensitive usage information is not exposed to general admins.",ok,The generated story keeps the same usage-metrics feature area but changes the access-control rule so that general admins are restricted from viewing metrics that the source story allows them to see.,2026-05-06T20:16:49.929952+00:00,2026-05-06T20:16:56.467688+00:00,6.538,900,323,1223,0.01419,[]
62,all_none,conflict_state_all_none,STATE_OR_CONDITION_TRANSFORMATION,"As an Admin, I want to see key metrics about usage such as users, API usage, downloads, so that that I know how things are going.","As an Admin, I want to see key metrics about usage such as users, API usage, and downloads for archived reporting periods, so that I know how things went.",ok,"The generated story keeps the same admin metrics dashboard capability and usage metrics, but changes the central condition from current ongoing usage to archived reporting periods, making the two reporting contexts materially incompatible.",2026-05-08T13:56:39.380681+00:00,2026-05-08T13:56:54.427982+00:00,15.047,1083,488,1571,0.020055,[]
62,all_none,dependency_prerequisite_all_none,PREREQUISITE_TRANSFORMATION,"As an Admin, I want to see key metrics about usage such as users, API usage, downloads, so that that I know how things are going.","As an Admin, I want user activity, API calls, and downloads to be captured as usage data so that key usage metrics can be reported accurately.",ok,"The generated story establishes the necessary availability of captured usage data before the admin can view metrics about users, API usage, and downloads.",2026-05-06T20:17:05.854493+00:00,2026-05-06T20:17:10.059851+00:00,4.205,948,225,1173,0.01149,[]
58,random,duplicate_paraphrase_random,PARAPHRASE_TRANSFORMATION,"As an owner, I want to view all the people in my organization and what roles they have, so that that I can change these if I want.","As an owner, I want to see everyone in my organization along with the roles assigned to them, so that I can modify those role assignments when I choose.",ok,"The rewritten story keeps the same role, objective, target information, and intended benefit while expressing the requirement in different wording.",2026-05-06T20:17:10.065334+00:00,2026-05-06T20:17:15.502062+00:00,5.437,910,295,1205,0.0134,[]
10,random,duplicate_paraphrase_random,PARAPHRASE_TRANSFORMATION,"As a Publisher, I want to permanently delete a data package, so that that it no longer takes up storage space.","As a Publisher, I want to remove a data package for good so that it no longer uses storage space.",ok,"The rewritten story keeps the same role, action, target object, and storage-space benefit while expressing the requirement with different wording.",2026-05-06T20:17:15.508746+00:00,2026-05-06T20:17:19.824089+00:00,4.316,903,169,1072,0.009585,[]
1,random,duplicate_paraphrase_random,PARAPHRASE_TRANSFORMATION,"As a Publisher, I want to publish a dataset, so that I can share the dataset publicly with everyone.","As a Publisher, I want to make a dataset available publicly so that everyone can access and use it.",ok,"The rewritten story keeps the same role, dataset publishing objective, and public sharing benefit while expressing the requirement in different wording.",2026-05-06T20:17:19.829456+00:00,2026-05-06T20:17:23.199245+00:00,3.369,901,137,1038,0.008615,[]
20,random,duplicate_paraphrase_random,PARAPHRASE_TRANSFORMATION,"As a Publisher, I want to be able to preview the views of the current data package using cli prior to publishing, so that that I can refine the json declarations of datapackage view section to achieve a great looking result.","As a Publisher, I want to use the CLI to preview the current data package views before publishing, so that I can adjust the JSON declarations in the datapackage view section and produce a polished result.",ok,"The rewritten story keeps the same role, CLI-based preview capability, pre-publishing context, and purpose of refining the datapackage view JSON declarations while using different wording.",2026-05-06T20:17:23.205621+00:00,2026-05-06T20:17:27.384975+00:00,4.18,924,203,1127,0.01071,[]
18,random,duplicate_paraphrase_random,PARAPHRASE_TRANSFORMATION,"As a Publisher, I want to be able to restore the deleted data package via cli, so that that it is back visible and available to view, download.","As a Publisher, I want to restore a deleted data package using the CLI so that it is visible again and available for viewing and downloading.",ok,"The rewritten story keeps the same role, objective, target data package, CLI access method, and outcome while expressing the requirement in cleaner alternative wording.",2026-05-06T20:17:27.389974+00:00,2026-05-06T20:17:31.114230+00:00,3.724,911,190,1101,0.010255,[]
17,random,duplicate_paraphrase_random,PARAPHRASE_TRANSFORMATION,"As a Publisher, I want to create a data package in the UI so that it is available and published.","As a Publisher, I want to use the UI to create a data package so that it becomes available and published.",ok,"The rewritten story keeps the same role, objective, interface context, and outcome while expressing the requirement in different wording.",2026-05-06T20:17:31.124769+00:00,2026-05-06T20:17:34.872162+00:00,3.748,901,165,1066,0.009455,[]
11,random,duplicate_paraphrase_random,PARAPHRASE_TRANSFORMATION,"As a Publisher, I want to validate the data I am about to publish to the registry, so that that I publish good data and know that I am doing.","As a Publisher, I want to check the data before I publish it to the registry, so that I can publish good data and understand what I am doing.",ok,"The rewritten story keeps the same role, action, target data, registry context, and intended benefit while expressing the requirement in different wording.",2026-05-06T20:17:34.877693+00:00,2026-05-06T20:17:39.624240+00:00,4.746,912,228,1140,0.0114,[]
9,random,duplicate_paraphrase_random,PARAPHRASE_TRANSFORMATION,"As a Publisher, I want to unpublish a data package, so that it is no longer visible to anyone.","As a Publisher, I want to remove a data package from publication so that no one can see it anymore.",ok,"The rewritten story keeps the same role, action, target object, and visibility outcome while expressing the requirement in different wording.",2026-05-06T20:17:39.631239+00:00,2026-05-06T20:17:42.506948+00:00,2.876,902,137,1039,0.00862,[]
48,random,duplicate_paraphrase_random,PARAPHRASE_TRANSFORMATION,"As a Consumer, I want to be notified of changes to a package I care about, so that that I can check out what has changed and take action.","As a Consumer, I want to receive alerts when a package I care about changes, so that I can review the updates and decide what action to take.",ok,"The rewritten story keeps the same role, package-change notification need, and intended benefit while expressing the requirement in different wording.",2026-05-06T20:17:42.512613+00:00,2026-05-06T20:17:47.347644+00:00,4.835,911,155,1066,0.009205,[]
8,random,duplicate_paraphrase_random,PARAPHRASE_TRANSFORMATION,"As a Publisher, I want to use a publish command to update a data package that is already in the registry, so that it appears there.","As a Publisher, I want to update an existing data package in the registry by running a publish command, so that it is displayed there.",ok,"The rewritten story keeps the same role, action, target data package, registry context, and intended visibility outcome while using different wording.",2026-05-06T20:17:47.578983+00:00,2026-05-06T20:17:51.214143+00:00,3.635,908,196,1104,0.01042,[]
52,random,duplicate_paraphrase_random,PARAPHRASE_TRANSFORMATION,"As a Consumer, I want to view a publisher's profile, so that that I can see who is behind a particular package or to see what other packages they produce.","As a Consumer, I want to open a publisher's profile so that I can identify who is responsible for a specific package and browse the other packages they publish.",ok,"The rewritten story keeps the same role, objective, target profile, and benefit while expressing the requirement in different wording.",2026-05-06T20:17:51.220781+00:00,2026-05-06T20:17:54.849835+00:00,3.628,913,165,1078,0.009515,[]
39,random,duplicate_paraphrase_random,PARAPHRASE_TRANSFORMATION,"As a Publisher, I want to tag datapackage to create a snapshot of data on the registry server, so that that consumers can refer to it.","As a Publisher, I want to apply a tag to a datapackage to capture a snapshot of the data on the registry server, so that consumers can reference it.",ok,"The rewritten story keeps the same role, action, target object, registry-server snapshot purpose, and consumer reference benefit while expressing the requirement in different wording.",2026-05-06T20:17:54.854837+00:00,2026-05-06T20:17:59.016237+00:00,4.161,909,216,1125,0.011025,[]
2,random,duplicate_paraphrase_random,PARAPHRASE_TRANSFORMATION,"As a Publisher, I want to sign up for an account, so that that I can publish my data package to the registry and to have a publisher account to publish my data package under.","As a Publisher, I want to create an account so that I can submit my data package to the registry and publish it under my publisher account.",ok,"The rewritten story keeps the same role, account sign-up objective, data package publishing target, and publisher-account benefit while expressing the requirement in different wording.",2026-05-06T20:17:59.021236+00:00,2026-05-06T20:18:03.382205+00:00,4.361,917,205,1122,0.010735,[]
65,random,duplicate_paraphrase_random,PARAPHRASE_TRANSFORMATION,"As a Publisher, I want to sign up for a given pricing plan, so that that I am entitled to what it allows.","As a Publisher, I want to enroll in a specific pricing plan so that I can access the benefits included with that plan.",ok,"The rewritten story keeps the same role, objective of joining a pricing plan, and benefit of receiving what the plan permits, while expressing the requirement in different wording.",2026-05-06T20:18:03.398717+00:00,2026-05-06T20:18:08.181704+00:00,4.783,905,212,1117,0.010885,[]
55,random,duplicate_paraphrase_random,PARAPHRASE_TRANSFORMATION,"As an Owner, I want to invite an existing user, so that the user can become a member of my publisher.","As an Owner, I want to send an invitation to a current user so that they can join my publisher as a member.",ok,"The rewritten story keeps the same role, action, target user, and intended outcome while expressing the requirement with different wording.",2026-05-06T20:18:08.198698+00:00,2026-05-06T20:18:10.956130+00:00,2.757,903,127,1030,0.008325,[]
16,random,duplicate_paraphrase_random,PARAPHRASE_TRANSFORMATION,"As a Publisher, I want to publish a data package in the UI, so that that it is available and published.","As a Publisher, I want to use the UI to publish a data package so that it becomes published and available.",ok,"The rewritten story preserves the same role, action, target object, UI context, and intended outcome while expressing the requirement with different wording.",2026-05-06T20:18:10.963130+00:00,2026-05-06T20:18:19.385498+00:00,8.422,903,168,1071,0.009555,[]
63,random,duplicate_paraphrase_random,PARAPHRASE_TRANSFORMATION,"As an Admin, I want to have a pricing plan and billing system, so that that I can charge users and make my platform sustainable.","As an Admin, I want a pricing plan with a billing system so that I can collect payments from users and keep my platform sustainable.",ok,"The rewritten story preserves the Admin role, the need for pricing and billing, and the benefit of charging users to sustain the platform while using different wording.",2026-05-06T20:18:19.388479+00:00,2026-05-06T20:18:23.190695+00:00,3.802,907,193,1100,0.010325,[]
19,random,duplicate_paraphrase_random,PARAPHRASE_TRANSFORMATION,"As a Publisher, I want to undelete the deleted data packages, so that that the deleted data packages is now visible again.","As a Publisher, I want to restore deleted data packages so that they are visible again.",ok,"The rewritten story keeps the same role, objective of undeleting/restoring deleted data packages, and benefit of making them visible again while using clearer alternative wording.",2026-05-06T20:18:23.197701+00:00,2026-05-06T20:18:27.986601+00:00,4.789,905,175,1080,0.009775,[]
22,random,duplicate_paraphrase_random,PARAPHRASE_TRANSFORMATION,"As a publisher, I want to show the world how my published data is, so that that it immediately catches consumer's attention.","As a publisher, I want to present my published data to the world so that it quickly attracts consumers' attention.",ok,"The rewritten story keeps the same publisher role, objective of showing published data publicly, and benefit of immediately drawing consumer attention while using different wording.",2026-05-06T20:18:27.992747+00:00,2026-05-06T20:18:32.622117+00:00,4.63,905,230,1135,0.011425,[]
0,random,duplicate_paraphrase_random,PARAPHRASE_TRANSFORMATION,"As a Publisher, I want to publish a dataset, so that I can view just the dataset with a few people.","As a Publisher, I want to release a dataset, so that I can view that specific dataset with a small group of people.",ok,"The rewritten story keeps the same role, intent to publish a dataset, and benefit of viewing only that dataset with a few people, while using different wording.",2026-05-06T20:18:32.635118+00:00,2026-05-06T20:18:38.535660+00:00,5.901,903,293,1196,0.013305,[]
58,random,conflict_policy_random_10,POLICY_TRANSFORMATION,"As an owner, I want to view all the people in my organization and what roles they have, so that that I can change these if I want.","As an owner, I want to view all the people in my organization and their roles, but require role changes to be approved by another owner before they take effect.",ok,"The generated story keeps the same organization role-management feature area but changes the governing approval rule, making role changes no longer something an owner can apply independently whenever they want.",2026-05-06T20:18:38.539661+00:00,2026-05-06T20:18:44.625520+00:00,6.086,900,299,1199,0.01347,[]
10,random,conflict_policy_random_10,POLICY_TRANSFORMATION,"As a Publisher, I want to permanently delete a data package, so that that it no longer takes up storage space.","As a Publisher, I want permanent deletion of a data package to be restricted to repository administrators after approval from the package owner, so that publishers cannot remove stored packages without oversight.",ok,"The generated story keeps the same data package deletion feature area but changes the governing access and approval rule, making it incompatible with publishers directly permanently deleting packages.",2026-05-06T20:18:44.630430+00:00,2026-05-06T20:18:51.548430+00:00,6.918,893,322,1215,0.014125,[]
1,random,conflict_policy_random_10,POLICY_TRANSFORMATION,"As a Publisher, I want to publish a dataset, so that I can share the dataset publicly with everyone.","As a Publisher, I want public dataset publishing to be allowed only after a Data Steward approves the dataset, so that public sharing is controlled before release.",ok,The generated story keeps the same dataset publishing feature area but introduces an approval rule that is materially incompatible with the source story's direct public publishing permission.,2026-05-06T20:18:51.555430+00:00,2026-05-06T20:18:56.447221+00:00,4.891,891,213,1104,0.010845,[]
20,random,conflict_policy_random_10,POLICY_TRANSFORMATION,"As a Publisher, I want to be able to preview the views of the current data package using cli prior to publishing, so that that I can refine the json declarations of datapackage view section to achieve a great looking result.","As a platform administrator, I want CLI previews of the current data package views before publishing to be available only to package administrators, so that publishers cannot access unpublished view renderings without elevated permission.",ok,"The generated story keeps the same CLI preview feature for unpublished data package views but changes the access-control rule so publishers are not allowed to preview them, making it materially incompatible with the source story.",2026-05-06T20:18:56.452362+00:00,2026-05-06T20:19:05.870232+00:00,9.418,914,497,1411,0.01948,[]
18,random,conflict_policy_random_10,POLICY_TRANSFORMATION,"As a Publisher, I want to be able to restore the deleted data package via cli, so that that it is back visible and available to view, download.","As a Publisher, I want deleted data packages to be restorable via cli only after an administrator approves the restore request, so that packages are not made visible and downloadable again without governance review.",ok,"The generated story keeps the same CLI restore workflow for deleted data packages but changes the governing rule from a publisher being able to restore directly to requiring administrator approval, making the permission policy materially incompatible.",2026-05-06T20:19:05.876301+00:00,2026-05-06T20:19:13.113607+00:00,7.238,901,366,1267,0.015485,[]
17,random,conflict_policy_random_10,POLICY_TRANSFORMATION,"As a Publisher, I want to create a data package in the UI so that it is available and published.","As a Publisher, I want data packages I create in the UI to remain in draft status until a Data Steward approves them for publication, so that only reviewed packages become available.",ok,The generated story keeps the same data-package creation and publishing workflow but introduces an approval rule that prevents Publishers from making UI-created packages immediately available and published.,2026-05-06T20:19:13.119021+00:00,2026-05-06T20:19:19.280116+00:00,6.161,891,305,1196,0.013605,[]
11,random,conflict_policy_random_10,POLICY_TRANSFORMATION,"As a Publisher, I want to validate the data I am about to publish to the registry, so that that I publish good data and know that I am doing.","As a Publisher, I want data validation before publishing to the registry to require approval from an independent registry reviewer, so that publishers cannot validate and approve their own submissions.",ok,The generated story keeps the same registry data validation topic but introduces an incompatible approval rule: publishers may no longer self-validate their own data before publication.,2026-05-06T20:19:19.285532+00:00,2026-05-06T20:19:24.008259+00:00,4.722,902,230,1132,0.01141,[]
9,random,conflict_policy_random_10,POLICY_TRANSFORMATION,"As a Publisher, I want to unpublish a data package, so that it is no longer visible to anyone.","As a Publisher, I want data packages to be unpublished only by repository administrators, so that publishers cannot remove visible data packages without authorized control.",ok,"The generated story keeps the same data package unpublishing feature area but changes the permission rule so publishers are not allowed to unpublish directly, which is materially incompatible with the source story.",2026-05-06T20:19:24.014121+00:00,2026-05-06T20:19:30.210308+00:00,6.196,892,311,1203,0.01379,[]
48,random,conflict_policy_random_10,POLICY_TRANSFORMATION,"As a Consumer, I want to be notified of changes to a package I care about, so that that I can check out what has changed and take action.","As a package owner, I want consumers to receive change notifications for my package only after I approve their watch request, so that I can control who is alerted about package updates.",ok,The generated story keeps the same package-change notification area but introduces an approval and ownership rule that is incompatible with consumers freely receiving notifications for any package they care about.,2026-05-06T20:19:30.215311+00:00,2026-05-06T20:19:38.594005+00:00,8.379,901,431,1332,0.017435,[]
8,random,conflict_policy_random_10,POLICY_TRANSFORMATION,"As a Publisher, I want to use a publish command to update a data package that is already in the registry, so that it appears there.","As a registry administrator, I want the publish command to refuse updates to data packages that are already in the registry unless a registry maintainer has approved the change, so that existing packages are not changed without review.",ok,"The generated story keeps the same publish-command and registry update context but changes the governing rule from publisher-driven updates to maintainer-approved updates, making the permission policy materially incompatible.",2026-05-06T20:19:38.599492+00:00,2026-05-06T20:19:46.598947+00:00,7.999,898,447,1345,0.0179,[]
52,random,conflict_state_condition_random_10,STATE_OR_CONDITION_TRANSFORMATION,"As a Consumer, I want to view a publisher's profile, so that that I can see who is behind a particular package or to see what other packages they produce.","As a Consumer, I want to view a publisher's profile only when the profile is public, so that I can see who is behind a particular package or what other packages they produce.",ok,"The generated story keeps the same consumer goal and publisher-profile feature area while making the viewing capability apply specifically to the public state of the profile, creating a clear state-based condition for when the story applies.",2026-05-08T13:56:54.432981+00:00,2026-05-08T13:57:11.975967+00:00,17.543,1086,665,1751,0.02538,[]
39,random,conflict_state_condition_random_10,STATE_OR_CONDITION_TRANSFORMATION,"As a Publisher, I want to tag datapackage to create a snapshot of data on the registry server, so that that consumers can refer to it.","As a Publisher, I want to tag a draft datapackage to create a snapshot of data on the registry server, so that consumers can refer to the draft version.",ok,"The generated story keeps the tagging and registry snapshot capability but changes the central datapackage state to draft, making the intended snapshot apply to a different lifecycle condition than a general consumable package.",2026-05-08T13:57:11.982892+00:00,2026-05-08T13:57:29.784399+00:00,17.801,1082,654,1736,0.02503,[]
2,random,conflict_state_condition_random_10,STATE_OR_CONDITION_TRANSFORMATION,"As a Publisher, I want to sign up for an account, so that that I can publish my data package to the registry and to have a publisher account to publish my data package under.","As a Publisher with an existing active account, I want to publish my data package to the registry under that account, so that my package is associated with my publisher profile.",ok,"The generated story stays in the publisher account and registry publishing workflow but changes the central account state from needing to sign up for a publisher account to already having an active account, making the stated conditions incompatible.",2026-05-08T13:57:29.791942+00:00,2026-05-08T13:57:44.256761+00:00,14.466,1090,538,1628,0.02159,[]
65,random,conflict_state_condition_random_10,STATE_OR_CONDITION_TRANSFORMATION,"As a Publisher, I want to sign up for a given pricing plan, so that that I am entitled to what it allows.","As a Publisher, I want to sign up for a given inactive pricing plan, so that I am entitled to what it allows if that plan is not currently offered.",ok,"The generated story keeps the same signup capability and pricing-plan subject, but changes the central plan condition to inactive rather than the normally available plan implied by signup, creating a materially different state under which the capability applies.",2026-05-08T13:57:44.259770+00:00,2026-05-08T13:57:56.509572+00:00,12.25,1078,458,1536,0.01913,[]
55,random,conflict_state_condition_random_10,STATE_OR_CONDITION_TRANSFORMATION,"As an Owner, I want to invite an existing user, so that the user can become a member of my publisher.","As an Owner, I want to invite a user who does not yet have an account, so that the user can become a member of my publisher after joining.",ok,"The generated story keeps the same owner invitation capability and publisher membership goal, but changes the central user condition from already existing in the system to not yet having an account, making the two invitation cases mutually incompatible.",2026-05-08T13:57:56.514573+00:00,2026-05-08T13:58:04.627118+00:00,8.113,1076,283,1359,0.01387,[]
16,random,conflict_state_condition_random_10,STATE_OR_CONDITION_TRANSFORMATION,"As a Publisher, I want to publish a data package in the UI, so that that it is available and published.","As a Publisher, I want to publish a data package in the UI as private, so that it is published but not publicly available.",ok,"The generated story keeps the same publisher role, UI workflow, and data package publishing capability, but changes the central availability state from publicly available to private/not publicly available, making the two stories materially incompatible.",2026-05-08T13:58:04.628586+00:00,2026-05-08T13:58:16.629099+00:00,12,1076,404,1480,0.0175,[]
63,random,conflict_state_condition_random_10,STATE_OR_CONDITION_TRANSFORMATION,"As an Admin, I want to have a pricing plan and billing system, so that that I can charge users and make my platform sustainable.","As an Admin, I want to have a pricing plan and billing system for users with expired subscriptions, so that I can charge them for renewal and keep my platform sustainable.",ok,"The generated story keeps the same pricing and billing feature area but changes the central billing condition to users whose subscriptions are expired, making the applicable subscription state materially different from a general active billing setup.",2026-05-08T13:58:16.637758+00:00,2026-05-08T13:58:35.298255+00:00,18.661,1080,654,1734,0.02502,[]
19,random,conflict_state_condition_random_10,STATE_OR_CONDITION_TRANSFORMATION,"As a Publisher, I want to undelete the deleted data packages, so that that the deleted data packages is now visible again.","As a Publisher, I want to undelete the deleted data packages so that the restored data packages remain hidden from public listings.",ok,"The generated story keeps the same publisher action and target object, but changes the resulting package state from visible again to hidden after restoration, making the two requirements materially incompatible.",2026-05-08T13:58:35.307615+00:00,2026-05-08T13:58:44.368033+00:00,9.06,1078,304,1382,0.01451,[]
22,random,conflict_state_condition_random_10,STATE_OR_CONDITION_TRANSFORMATION,"As a publisher, I want to show the world how my published data is, so that that it immediately catches consumer's attention.","As a publisher, I want to show the world how my draft data will look, so that it can catch consumers' attention before it is published.",ok,"The generated story keeps the same publisher goal of presenting data to attract consumer attention, but changes the central data state from published to draft, making the applicable condition materially incompatible with the source.",2026-05-08T13:58:44.372031+00:00,2026-05-08T13:58:50.803196+00:00,6.432,1078,246,1324,0.01277,[]
0,random,conflict_state_condition_random_10,STATE_OR_CONDITION_TRANSFORMATION,"As a Publisher, I want to publish a dataset, so that I can view just the dataset with a few people.","As a Publisher, I want to publish a dataset as public, so that anyone can view it.",ok,"The generated story keeps the same publishing capability and dataset target but changes the dataset visibility condition from limited to a few people to public, making the two stories materially incompatible.",2026-05-08T13:58:50.810727+00:00,2026-05-08T13:59:04.392610+00:00,13.582,1076,518,1594,0.02092,[]